<?xml version="1.0" encoding="utf-8" standalone="yes"?>
<rss version="2.0" xmlns:atom="http://www.w3.org/2005/Atom">
  <channel>
    <title>Organization on Saasify</title>
    <link>https://saasify-demo.chaoming.li/tags/organization/</link>
    <description>Recent content in Organization on Saasify</description>
    <generator>Hugo</generator>
    <language>en-us</language>
    <lastBuildDate>Mon, 24 Jul 2023 00:00:00 +0000</lastBuildDate>
    <atom:link href="https://saasify-demo.chaoming.li/tags/organization/index.xml" rel="self" type="application/rss+xml" />
    <item>
      <title>Content Management in Hugo: Best Practices</title>
      <link>https://saasify-demo.chaoming.li/blog/content-management-hugo/</link>
      <pubDate>Mon, 24 Jul 2023 00:00:00 +0000</pubDate>
      <guid>https://saasify-demo.chaoming.li/blog/content-management-hugo/</guid>
      <description>&lt;div class=&#34;bg-gray-50 p-6 rounded-lg mb-8&#34;&gt;&#xD;&#xA;    &lt;h2 class=&#34;text-xl font-semibold mb-4&#34;&gt;Table of Contents&lt;/h2&gt;&#xD;&#xA;    &lt;nav id=&#34;TableOfContents&#34;&gt;&#xA;  &lt;ul&gt;&#xA;    &lt;li&gt;&lt;a href=&#34;#introduction&#34;&gt;Introduction&lt;/a&gt;&lt;/li&gt;&#xA;    &lt;li&gt;&lt;a href=&#34;#content-organization&#34;&gt;Content Organization&lt;/a&gt;&#xA;      &lt;ul&gt;&#xA;        &lt;li&gt;&lt;a href=&#34;#directory-structure&#34;&gt;Directory Structure&lt;/a&gt;&lt;/li&gt;&#xA;        &lt;li&gt;&lt;a href=&#34;#front-matter-templates&#34;&gt;Front Matter Templates&lt;/a&gt;&lt;/li&gt;&#xA;      &lt;/ul&gt;&#xA;    &lt;/li&gt;&#xA;    &lt;li&gt;&lt;a href=&#34;#content-types&#34;&gt;Content Types&lt;/a&gt;&#xA;      &lt;ul&gt;&#xA;        &lt;li&gt;&lt;a href=&#34;#page-bundles&#34;&gt;Page Bundles&lt;/a&gt;&lt;/li&gt;&#xA;        &lt;li&gt;&lt;a href=&#34;#taxonomies&#34;&gt;Taxonomies&lt;/a&gt;&lt;/li&gt;&#xA;      &lt;/ul&gt;&#xA;    &lt;/li&gt;&#xA;    &lt;li&gt;&lt;a href=&#34;#content-workflow&#34;&gt;Content Workflow&lt;/a&gt;&#xA;      &lt;ul&gt;&#xA;        &lt;li&gt;&lt;a href=&#34;#draft-management&#34;&gt;Draft Management&lt;/a&gt;&lt;/li&gt;&#xA;        &lt;li&gt;&lt;a href=&#34;#content-updates&#34;&gt;Content Updates&lt;/a&gt;&lt;/li&gt;&#xA;      &lt;/ul&gt;&#xA;    &lt;/li&gt;&#xA;    &lt;li&gt;&lt;a href=&#34;#dynamic-content&#34;&gt;Dynamic Content&lt;/a&gt;&#xA;      &lt;ul&gt;&#xA;        &lt;li&gt;&lt;a href=&#34;#related-content&#34;&gt;Related Content&lt;/a&gt;&lt;/li&gt;&#xA;        &lt;li&gt;&lt;a href=&#34;#content-reuse&#34;&gt;Content Reuse&lt;/a&gt;&lt;/li&gt;&#xA;      &lt;/ul&gt;&#xA;    &lt;/li&gt;&#xA;    &lt;li&gt;&lt;a href=&#34;#seo-and-metadata&#34;&gt;SEO and Metadata&lt;/a&gt;&lt;/li&gt;&#xA;    &lt;li&gt;&lt;a href=&#34;#content-backup&#34;&gt;Content Backup&lt;/a&gt;&#xA;      &lt;ul&gt;&#xA;        &lt;li&gt;&lt;a href=&#34;#backup-strategies&#34;&gt;Backup Strategies&lt;/a&gt;&lt;/li&gt;&#xA;      &lt;/ul&gt;&#xA;    &lt;/li&gt;&#xA;    &lt;li&gt;&lt;a href=&#34;#conclusion&#34;&gt;Conclusion&lt;/a&gt;&lt;/li&gt;&#xA;    &lt;li&gt;&lt;a href=&#34;#resources&#34;&gt;Resources&lt;/a&gt;&lt;/li&gt;&#xA;  &lt;/ul&gt;&#xA;&lt;/nav&gt;&#xD;&#xA;&lt;/div&gt;&#xD;&#xA;&#xA;&lt;h2 id=&#34;introduction&#34;&gt;Introduction&lt;/h2&gt;&#xA;&lt;p&gt;Effective content management is crucial for maintaining a scalable Hugo site. This guide covers best practices for organizing and managing your content.&lt;/p&gt;&#xA;&lt;h2 id=&#34;content-organization&#34;&gt;Content Organization&lt;/h2&gt;&#xA;&lt;h3 id=&#34;directory-structure&#34;&gt;Directory Structure&lt;/h3&gt;&#xA;&lt;p&gt;Create a logical content hierarchy:&lt;/p&gt;</description>
    </item>
  </channel>
</rss>
