<?xml version="1.0" encoding="utf-8" standalone="yes"?>
<rss version="2.0" xmlns:atom="http://www.w3.org/2005/Atom">
  <channel>
    <title>РђРєС‚СѓР°Р»СЊРЅС‹Рµ С†РµРЅС‹ on Saasify</title>
    <link>//localhost:1313/ru/trade/</link>
    <description>Recent content in РђРєС‚СѓР°Р»СЊРЅС‹Рµ С†РµРЅС‹ on Saasify</description>
    <generator>Hugo</generator>
    <language>ru-RU</language>
    <atom:link href="//localhost:1313/ru/trade/index.xml" rel="self" type="application/rss+xml" />
  </channel>
</rss>
