<?xml version="1.0" encoding="utf-8" standalone="yes"?>
<rss version="2.0" xmlns:atom="http://www.w3.org/2005/Atom">
  <channel>
    <title>Полезные моды on TOPS GUIDE</title>
    <link>//localhost:1313/ru/mods/</link>
    <description>Recent content in Полезные моды on TOPS GUIDE</description>
    <generator>Hugo</generator>
    <language>ru-RU</language>
    <atom:link href="//localhost:1313/ru/mods/index.xml" rel="self" type="application/rss+xml" />
  </channel>
</rss>
