<?xml version="1.0" encoding="utf-8" standalone="yes"?>
<rss version="2.0" xmlns:atom="http://www.w3.org/2005/Atom">
  <channel>
    <title>Р–РµР»С‚С‹Рµ РІС‹СЃРѕС‚С‹ on Saasify</title>
    <link>//localhost:1313/en/towns/yellow-heights/</link>
    <description>Recent content in Р–РµР»С‚С‹Рµ РІС‹СЃРѕС‚С‹ on Saasify</description>
    <generator>Hugo</generator>
    <language>en-US</language>
    <atom:link href="//localhost:1313/en/towns/yellow-heights/index.xml" rel="self" type="application/rss+xml" />
  </channel>
</rss>
