<?xml version="1.0" encoding="utf-8" standalone="yes"?>
<rss version="2.0" xmlns:atom="http://www.w3.org/2005/Atom">
  <channel>
    <title>РњР°Р№Р»Р·РІРёР»СЊ on Saasify</title>
    <link>//localhost:1313/ru/towns/milesville/</link>
    <description>Recent content in РњР°Р№Р»Р·РІРёР»СЊ on Saasify</description>
    <generator>Hugo</generator>
    <language>ru-RU</language>
    <atom:link href="//localhost:1313/ru/towns/milesville/index.xml" rel="self" type="application/rss+xml" />
  </channel>
</rss>
