<?xml version="1.0" encoding="utf-8" standalone="yes"?>
<rss version="2.0" xmlns:atom="http://www.w3.org/2005/Atom">
  <channel>
    <title>Seo on Saasify</title>
    <link>https://saasify-demo.chaoming.li/tags/seo/</link>
    <description>Recent content in Seo on Saasify</description>
    <generator>Hugo</generator>
    <language>en-us</language>
    <lastBuildDate>Sun, 23 Jul 2023 00:00:00 +0000</lastBuildDate>
    <atom:link href="https://saasify-demo.chaoming.li/tags/seo/index.xml" rel="self" type="application/rss+xml" />
    <item>
      <title>Optimizing Hugo Performance: Speed Up Your Site</title>
      <link>https://saasify-demo.chaoming.li/blog/optimizing-hugo-performance/</link>
      <pubDate>Sun, 23 Jul 2023 00:00:00 +0000</pubDate>
      <guid>https://saasify-demo.chaoming.li/blog/optimizing-hugo-performance/</guid>
      <description>&lt;div class=&#34;bg-gray-50 p-6 rounded-lg mb-8&#34;&gt;&#xD;&#xA;    &lt;h2 class=&#34;text-xl font-semibold mb-4&#34;&gt;Table of Contents&lt;/h2&gt;&#xD;&#xA;    &lt;nav id=&#34;TableOfContents&#34;&gt;&#xA;  &lt;ul&gt;&#xA;    &lt;li&gt;&lt;a href=&#34;#introduction&#34;&gt;Introduction&lt;/a&gt;&lt;/li&gt;&#xA;    &lt;li&gt;&lt;a href=&#34;#asset-optimization&#34;&gt;Asset Optimization&lt;/a&gt;&#xA;      &lt;ul&gt;&#xA;        &lt;li&gt;&lt;a href=&#34;#image-optimization&#34;&gt;Image Optimization&lt;/a&gt;&lt;/li&gt;&#xA;        &lt;li&gt;&lt;a href=&#34;#css-and-javascript&#34;&gt;CSS and JavaScript&lt;/a&gt;&lt;/li&gt;&#xA;      &lt;/ul&gt;&#xA;    &lt;/li&gt;&#xA;    &lt;li&gt;&lt;a href=&#34;#caching-strategies&#34;&gt;Caching Strategies&lt;/a&gt;&lt;/li&gt;&#xA;    &lt;li&gt;&lt;a href=&#34;#content-delivery&#34;&gt;Content Delivery&lt;/a&gt;&#xA;      &lt;ul&gt;&#xA;        &lt;li&gt;&lt;a href=&#34;#cdn-setup&#34;&gt;CDN Setup&lt;/a&gt;&lt;/li&gt;&#xA;        &lt;li&gt;&lt;a href=&#34;#edge-computing&#34;&gt;Edge Computing&lt;/a&gt;&lt;/li&gt;&#xA;      &lt;/ul&gt;&#xA;    &lt;/li&gt;&#xA;    &lt;li&gt;&lt;a href=&#34;#performance-monitoring&#34;&gt;Performance Monitoring&lt;/a&gt;&#xA;      &lt;ul&gt;&#xA;        &lt;li&gt;&lt;a href=&#34;#key-metrics&#34;&gt;Key Metrics&lt;/a&gt;&lt;/li&gt;&#xA;      &lt;/ul&gt;&#xA;    &lt;/li&gt;&#xA;    &lt;li&gt;&lt;a href=&#34;#advanced-optimization-techniques&#34;&gt;Advanced Optimization Techniques&lt;/a&gt;&#xA;      &lt;ul&gt;&#xA;        &lt;li&gt;&lt;a href=&#34;#resource-hints&#34;&gt;Resource Hints&lt;/a&gt;&lt;/li&gt;&#xA;        &lt;li&gt;&lt;a href=&#34;#critical-css&#34;&gt;Critical CSS&lt;/a&gt;&lt;/li&gt;&#xA;      &lt;/ul&gt;&#xA;    &lt;/li&gt;&#xA;    &lt;li&gt;&lt;a href=&#34;#seo-optimization&#34;&gt;SEO Optimization&lt;/a&gt;&lt;/li&gt;&#xA;    &lt;li&gt;&lt;a href=&#34;#conclusion&#34;&gt;Conclusion&lt;/a&gt;&lt;/li&gt;&#xA;    &lt;li&gt;&lt;a href=&#34;#resources&#34;&gt;Resources&lt;/a&gt;&lt;/li&gt;&#xA;  &lt;/ul&gt;&#xA;&lt;/nav&gt;&#xD;&#xA;&lt;/div&gt;&#xD;&#xA;&#xA;&lt;h2 id=&#34;introduction&#34;&gt;Introduction&lt;/h2&gt;&#xA;&lt;p&gt;Performance is crucial for user experience and SEO. In this guide, we&amp;rsquo;ll explore various techniques to optimize your Hugo site for maximum performance.&lt;/p&gt;&#xA;&lt;h2 id=&#34;asset-optimization&#34;&gt;Asset Optimization&lt;/h2&gt;&#xA;&lt;h3 id=&#34;image-optimization&#34;&gt;Image Optimization&lt;/h3&gt;&#xA;&lt;p&gt;Images often contribute the most to page weight. Here&amp;rsquo;s how to optimize them:&lt;/p&gt;</description>
    </item>
  </channel>
</rss>
