<?xml version="1.0" encoding="utf-8" standalone="yes"?>
<rss version="2.0" xmlns:atom="http://www.w3.org/2005/Atom">
  <channel>
    <title>Vercel on Saasify</title>
    <link>https://saasify-demo.chaoming.li/tags/vercel/</link>
    <description>Recent content in Vercel on Saasify</description>
    <generator>Hugo</generator>
    <language>en-us</language>
    <lastBuildDate>Sat, 22 Jul 2023 00:00:00 +0000</lastBuildDate>
    <atom:link href="https://saasify-demo.chaoming.li/tags/vercel/index.xml" rel="self" type="application/rss+xml" />
    <item>
      <title>Deploying Hugo Sites: A Complete Guide</title>
      <link>https://saasify-demo.chaoming.li/blog/deploying-hugo-sites/</link>
      <pubDate>Sat, 22 Jul 2023 00:00:00 +0000</pubDate>
      <guid>https://saasify-demo.chaoming.li/blog/deploying-hugo-sites/</guid>
      <description>&lt;div class=&#34;bg-gray-50 p-6 rounded-lg mb-8&#34;&gt;&#xD;&#xA;    &lt;h2 class=&#34;text-xl font-semibold mb-4&#34;&gt;Table of Contents&lt;/h2&gt;&#xD;&#xA;    &lt;nav id=&#34;TableOfContents&#34;&gt;&#xA;  &lt;ul&gt;&#xA;    &lt;li&gt;&lt;a href=&#34;#introduction&#34;&gt;Introduction&lt;/a&gt;&lt;/li&gt;&#xA;    &lt;li&gt;&lt;a href=&#34;#popular-deployment-platforms&#34;&gt;Popular Deployment Platforms&lt;/a&gt;&#xA;      &lt;ul&gt;&#xA;        &lt;li&gt;&lt;a href=&#34;#1-netlify&#34;&gt;1. Netlify&lt;/a&gt;&lt;/li&gt;&#xA;        &lt;li&gt;&lt;a href=&#34;#2-vercel&#34;&gt;2. Vercel&lt;/a&gt;&lt;/li&gt;&#xA;        &lt;li&gt;&lt;a href=&#34;#3-github-pages&#34;&gt;3. GitHub Pages&lt;/a&gt;&lt;/li&gt;&#xA;      &lt;/ul&gt;&#xA;    &lt;/li&gt;&#xA;    &lt;li&gt;&lt;a href=&#34;#deployment-best-practices&#34;&gt;Deployment Best Practices&lt;/a&gt;&lt;/li&gt;&#xA;    &lt;li&gt;&lt;a href=&#34;#performance-considerations&#34;&gt;Performance Considerations&lt;/a&gt;&lt;/li&gt;&#xA;    &lt;li&gt;&lt;a href=&#34;#security-measures&#34;&gt;Security Measures&lt;/a&gt;&lt;/li&gt;&#xA;    &lt;li&gt;&lt;a href=&#34;#conclusion&#34;&gt;Conclusion&lt;/a&gt;&lt;/li&gt;&#xA;    &lt;li&gt;&lt;a href=&#34;#resources&#34;&gt;Resources&lt;/a&gt;&lt;/li&gt;&#xA;  &lt;/ul&gt;&#xA;&lt;/nav&gt;&#xD;&#xA;&lt;/div&gt;&#xD;&#xA;&#xA;&lt;h2 id=&#34;introduction&#34;&gt;Introduction&lt;/h2&gt;&#xA;&lt;p&gt;Once you&amp;rsquo;ve built your Hugo site, the next step is deploying it to make it accessible to the world. This guide covers various deployment options and best practices.&lt;/p&gt;&#xA;&lt;h2 id=&#34;popular-deployment-platforms&#34;&gt;Popular Deployment Platforms&lt;/h2&gt;&#xA;&lt;h3 id=&#34;1-netlify&#34;&gt;1. Netlify&lt;/h3&gt;&#xA;&lt;p&gt;Netlify offers a seamless deployment experience:&lt;/p&gt;&#xA;&#xD;&#xA;&#xD;&#xA;&#xD;&#xA;&#xD;&#xA;&lt;div class=&#34;not-prose my-8 overflow-hidden rounded-lg bg-gray-900 shadow-lg&#34;&gt;&#xD;&#xA;    &#xD;&#xA;        &lt;div class=&#34;flex items-center justify-between px-4 py-2 bg-gray-800 border-b border-gray-700&#34;&gt;&#xD;&#xA;            &lt;div class=&#34;text-sm text-gray-200 font-mono&#34;&gt;terminal&lt;/div&gt;&#xD;&#xA;            &lt;div class=&#34;flex space-x-2&#34;&gt;&#xD;&#xA;                &lt;div class=&#34;w-3 h-3 rounded-full bg-red-500&#34;&gt;&lt;/div&gt;&#xD;&#xA;                &lt;div class=&#34;w-3 h-3 rounded-full bg-yellow-500&#34;&gt;&lt;/div&gt;&#xD;&#xA;                &lt;div class=&#34;w-3 h-3 rounded-full bg-green-500&#34;&gt;&lt;/div&gt;&#xD;&#xA;            &lt;/div&gt;&#xD;&#xA;        &lt;/div&gt;&#xD;&#xA;    &#xD;&#xA;    &lt;div class=&#34;p-4 overflow-x-auto&#34;&gt;&#xD;&#xA;        &lt;div class=&#34;highlight&#34;&gt;&lt;div class=&#34;chroma&#34;&gt;&#xA;&lt;table class=&#34;lntable&#34;&gt;&lt;tr&gt;&lt;td class=&#34;lntd&#34;&gt;&#xA;&lt;pre tabindex=&#34;0&#34; class=&#34;chroma&#34;&gt;&lt;code&gt;&lt;span class=&#34;lnt&#34;&gt;1&#xA;&lt;/span&gt;&lt;span class=&#34;lnt&#34;&gt;2&#xA;&lt;/span&gt;&lt;span class=&#34;lnt&#34;&gt;3&#xA;&lt;/span&gt;&lt;span class=&#34;lnt&#34;&gt;4&#xA;&lt;/span&gt;&lt;span class=&#34;lnt&#34;&gt;5&#xA;&lt;/span&gt;&lt;span class=&#34;lnt&#34;&gt;6&#xA;&lt;/span&gt;&lt;span class=&#34;lnt&#34;&gt;7&#xA;&lt;/span&gt;&lt;span class=&#34;lnt&#34;&gt;8&#xA;&lt;/span&gt;&lt;/code&gt;&lt;/pre&gt;&lt;/td&gt;&#xA;&lt;td class=&#34;lntd&#34;&gt;&#xA;&lt;pre tabindex=&#34;0&#34; class=&#34;chroma&#34;&gt;&lt;code class=&#34;language-bash&#34; data-lang=&#34;bash&#34;&gt;&lt;span class=&#34;line&#34;&gt;&lt;span class=&#34;cl&#34;&gt;&#xA;&lt;/span&gt;&lt;/span&gt;&lt;span class=&#34;line&#34;&gt;&lt;span class=&#34;cl&#34;&gt;&lt;span class=&#34;c1&#34;&gt;# Create netlify.toml&lt;/span&gt;&#xA;&lt;/span&gt;&lt;/span&gt;&lt;span class=&#34;line&#34;&gt;&lt;span class=&#34;cl&#34;&gt;&lt;span class=&#34;o&#34;&gt;[&lt;/span&gt;build&lt;span class=&#34;o&#34;&gt;]&lt;/span&gt;&#xA;&lt;/span&gt;&lt;/span&gt;&lt;span class=&#34;line&#34;&gt;&lt;span class=&#34;cl&#34;&gt;  &lt;span class=&#34;nv&#34;&gt;publish&lt;/span&gt; &lt;span class=&#34;o&#34;&gt;=&lt;/span&gt; &lt;span class=&#34;s2&#34;&gt;&amp;#34;public&amp;#34;&lt;/span&gt;&#xA;&lt;/span&gt;&lt;/span&gt;&lt;span class=&#34;line&#34;&gt;&lt;span class=&#34;cl&#34;&gt;  &lt;span class=&#34;nb&#34;&gt;command&lt;/span&gt; &lt;span class=&#34;o&#34;&gt;=&lt;/span&gt; &lt;span class=&#34;s2&#34;&gt;&amp;#34;hugo --gc --minify&amp;#34;&lt;/span&gt;&#xA;&lt;/span&gt;&lt;/span&gt;&lt;span class=&#34;line&#34;&gt;&lt;span class=&#34;cl&#34;&gt;&#xA;&lt;/span&gt;&lt;/span&gt;&lt;span class=&#34;line&#34;&gt;&lt;span class=&#34;cl&#34;&gt;&lt;span class=&#34;o&#34;&gt;[&lt;/span&gt;build.environment&lt;span class=&#34;o&#34;&gt;]&lt;/span&gt;&#xA;&lt;/span&gt;&lt;/span&gt;&lt;span class=&#34;line&#34;&gt;&lt;span class=&#34;cl&#34;&gt;  &lt;span class=&#34;nv&#34;&gt;HUGO_VERSION&lt;/span&gt; &lt;span class=&#34;o&#34;&gt;=&lt;/span&gt; &lt;span class=&#34;s2&#34;&gt;&amp;#34;0.95.0&amp;#34;&lt;/span&gt;&#xA;&lt;/span&gt;&lt;/span&gt;&lt;/code&gt;&lt;/pre&gt;&lt;/td&gt;&lt;/tr&gt;&lt;/table&gt;&#xA;&lt;/div&gt;&#xA;&lt;/div&gt;&#xD;&#xA;    &lt;/div&gt;&#xD;&#xA;&lt;/div&gt;&#xD;&#xA;&#xA;&lt;h3 id=&#34;2-vercel&#34;&gt;2. Vercel&lt;/h3&gt;&#xA;&lt;p&gt;Vercel provides excellent performance and analytics.&lt;/p&gt;</description>
    </item>
  </channel>
</rss>
