<?xml version="1.0" encoding="utf-8" standalone="yes"?>
<rss version="2.0" xmlns:atom="http://www.w3.org/2005/Atom">
  <channel>
    <title>Блог on Saasify</title>
    <link>//localhost:1313/ru/blog/</link>
    <description>Recent content in Блог on Saasify</description>
    <generator>Hugo</generator>
    <language>ru-RU</language>
    <lastBuildDate>Fri, 05 Sep 2025 00:00:00 +0000</lastBuildDate>
    <atom:link href="//localhost:1313/ru/blog/index.xml" rel="self" type="application/rss+xml" />
    <item>
      <title>Добро пожаловать</title>
      <link>//localhost:1313/ru/blog/welcome/</link>
      <pubDate>Fri, 05 Sep 2025 00:00:00 +0000</pubDate>
      <guid>//localhost:1313/ru/blog/welcome/</guid>
      <description>&lt;p&gt;Первая запись.&lt;/p&gt;</description>
    </item>
  </channel>
</rss>
