<?xml version="1.0" encoding="utf-8" standalone="yes"?>
<rss version="2.0" xmlns:atom="http://www.w3.org/2005/Atom">
  <channel>
    <title>Р”РѕРїРѕР»РЅРёС‚СЊ РёРЅС„РѕСЂРјР°С†РёСЋ РЅР° СЃР°Р№С‚Рµ on Saasify</title>
    <link>//localhost:1313/en/call_me/</link>
    <description>Recent content in Р”РѕРїРѕР»РЅРёС‚СЊ РёРЅС„РѕСЂРјР°С†РёСЋ РЅР° СЃР°Р№С‚Рµ on Saasify</description>
    <generator>Hugo</generator>
    <language>en-US</language>
    <atom:link href="//localhost:1313/en/call_me/index.xml" rel="self" type="application/rss+xml" />
  </channel>
</rss>
