<?xml version="1.0" encoding="utf-8" standalone="yes"?>
<rss version="2.0" xmlns:atom="http://www.w3.org/2005/Atom">
  <channel>
    <title>Jobs on Saasify</title>
    <link>https://saasify-demo.chaoming.li/jobs/</link>
    <description>Recent content in Jobs on Saasify</description>
    <generator>Hugo</generator>
    <language>en-us</language>
    <lastBuildDate>Tue, 14 Nov 2023 00:00:00 +0000</lastBuildDate>
    <atom:link href="https://saasify-demo.chaoming.li/jobs/index.xml" rel="self" type="application/rss+xml" />
    <item>
      <title>Product Manager</title>
      <link>https://saasify-demo.chaoming.li/jobs/product-manager/</link>
      <pubDate>Tue, 14 Nov 2023 00:00:00 +0000</pubDate>
      <guid>https://saasify-demo.chaoming.li/jobs/product-manager/</guid>
      <description>&lt;p&gt;We&amp;rsquo;re looking for a Product Manager to join our team and help shape the future of our product.&lt;/p&gt;&#xA;&lt;h2 id=&#34;about-the-role&#34;&gt;About the Role&lt;/h2&gt;&#xA;&lt;p&gt;As a Product Manager, you&amp;rsquo;ll be responsible for:&lt;/p&gt;&#xA;&lt;ul&gt;&#xA;&lt;li&gt;Defining and executing the product strategy and roadmap&lt;/li&gt;&#xA;&lt;li&gt;Working closely with engineering, design, and marketing teams&lt;/li&gt;&#xA;&lt;li&gt;Conducting user research and gathering customer feedback&lt;/li&gt;&#xA;&lt;li&gt;Analyzing market trends and competitive landscape&lt;/li&gt;&#xA;&lt;li&gt;Prioritizing features and managing the product backlog&lt;/li&gt;&#xA;&lt;/ul&gt;&#xA;&lt;h2 id=&#34;requirements&#34;&gt;Requirements&lt;/h2&gt;&#xA;&lt;ul&gt;&#xA;&lt;li&gt;4+ years of product management experience in SaaS&lt;/li&gt;&#xA;&lt;li&gt;Strong analytical and problem-solving skills&lt;/li&gt;&#xA;&lt;li&gt;Excellent communication and stakeholder management abilities&lt;/li&gt;&#xA;&lt;li&gt;Experience with agile development methodologies&lt;/li&gt;&#xA;&lt;li&gt;Data-driven decision making mindset&lt;/li&gt;&#xA;&lt;li&gt;Technical background or ability to work closely with technical teams&lt;/li&gt;&#xA;&lt;/ul&gt;&#xA;&lt;h2 id=&#34;nice-to-have&#34;&gt;Nice to Have&lt;/h2&gt;&#xA;&lt;ul&gt;&#xA;&lt;li&gt;MBA or relevant advanced degree&lt;/li&gt;&#xA;&lt;li&gt;Experience with B2B SaaS products&lt;/li&gt;&#xA;&lt;li&gt;Background in UX design or software development&lt;/li&gt;&#xA;&lt;li&gt;Experience with product analytics tools&lt;/li&gt;&#xA;&lt;li&gt;Public speaking or presentation experience&lt;/li&gt;&#xA;&lt;/ul&gt;&#xA;&lt;h2 id=&#34;benefits&#34;&gt;Benefits&lt;/h2&gt;&#xA;&lt;ul&gt;&#xA;&lt;li&gt;Competitive salary and equity package&lt;/li&gt;&#xA;&lt;li&gt;Comprehensive health, dental, and vision insurance&lt;/li&gt;&#xA;&lt;li&gt;401(k) matching&lt;/li&gt;&#xA;&lt;li&gt;Flexible PTO policy&lt;/li&gt;&#xA;&lt;li&gt;Professional development budget&lt;/li&gt;&#xA;&lt;li&gt;Wellness programs&lt;/li&gt;&#xA;&lt;li&gt;Company-sponsored events&lt;/li&gt;&#xA;&lt;li&gt;Office perks and snacks&lt;/li&gt;&#xA;&lt;/ul&gt;&#xA;&lt;h2 id=&#34;how-to-apply&#34;&gt;How to Apply&lt;/h2&gt;&#xA;&lt;p&gt;Please send your resume and a cover letter detailing your product management experience and why you&amp;rsquo;re interested in joining our team. Include examples of products you&amp;rsquo;ve managed and their impact.&lt;/p&gt;</description>
    </item>
    <item>
      <title>Senior Frontend Developer</title>
      <link>https://saasify-demo.chaoming.li/jobs/senior-frontend-developer/</link>
      <pubDate>Tue, 14 Nov 2023 00:00:00 +0000</pubDate>
      <guid>https://saasify-demo.chaoming.li/jobs/senior-frontend-developer/</guid>
      <description>&lt;p&gt;We&amp;rsquo;re looking for a Senior Frontend Developer to join our growing team and help shape the future of our SaaS platform.&lt;/p&gt;&#xA;&lt;h2 id=&#34;about-the-role&#34;&gt;About the Role&lt;/h2&gt;&#xA;&lt;p&gt;As a Senior Frontend Developer, you&amp;rsquo;ll be responsible for:&lt;/p&gt;&#xA;&lt;ul&gt;&#xA;&lt;li&gt;Building and maintaining high-quality, reusable UI components&lt;/li&gt;&#xA;&lt;li&gt;Collaborating with designers to implement pixel-perfect interfaces&lt;/li&gt;&#xA;&lt;li&gt;Optimizing application performance and accessibility&lt;/li&gt;&#xA;&lt;li&gt;Mentoring junior developers and reviewing code&lt;/li&gt;&#xA;&lt;li&gt;Contributing to technical architecture decisions&lt;/li&gt;&#xA;&lt;/ul&gt;&#xA;&lt;h2 id=&#34;requirements&#34;&gt;Requirements&lt;/h2&gt;&#xA;&lt;ul&gt;&#xA;&lt;li&gt;5+ years of experience in frontend development&lt;/li&gt;&#xA;&lt;li&gt;Expert knowledge of modern JavaScript, HTML, and CSS&lt;/li&gt;&#xA;&lt;li&gt;Strong experience with React or Vue.js&lt;/li&gt;&#xA;&lt;li&gt;Understanding of modern frontend build tools and workflows&lt;/li&gt;&#xA;&lt;li&gt;Experience with responsive design and cross-browser compatibility&lt;/li&gt;&#xA;&lt;li&gt;Strong communication skills and ability to work in a remote team&lt;/li&gt;&#xA;&lt;/ul&gt;&#xA;&lt;h2 id=&#34;nice-to-have&#34;&gt;Nice to Have&lt;/h2&gt;&#xA;&lt;ul&gt;&#xA;&lt;li&gt;Experience with TypeScript&lt;/li&gt;&#xA;&lt;li&gt;Knowledge of testing frameworks (Jest, Cypress)&lt;/li&gt;&#xA;&lt;li&gt;Contributions to open source projects&lt;/li&gt;&#xA;&lt;li&gt;Experience with design systems&lt;/li&gt;&#xA;&lt;li&gt;Understanding of backend technologies&lt;/li&gt;&#xA;&lt;/ul&gt;&#xA;&lt;h2 id=&#34;benefits&#34;&gt;Benefits&lt;/h2&gt;&#xA;&lt;ul&gt;&#xA;&lt;li&gt;Competitive salary and equity package&lt;/li&gt;&#xA;&lt;li&gt;Flexible working hours&lt;/li&gt;&#xA;&lt;li&gt;Remote-first culture&lt;/li&gt;&#xA;&lt;li&gt;Health insurance&lt;/li&gt;&#xA;&lt;li&gt;Learning and development budget&lt;/li&gt;&#xA;&lt;li&gt;Annual team retreats&lt;/li&gt;&#xA;&lt;li&gt;Home office setup allowance&lt;/li&gt;&#xA;&lt;/ul&gt;&#xA;&lt;h2 id=&#34;how-to-apply&#34;&gt;How to Apply&lt;/h2&gt;&#xA;&lt;p&gt;Please send your resume, portfolio, and a brief cover letter explaining why you&amp;rsquo;d be a great fit for our team. Include links to any relevant projects or open source contributions.&lt;/p&gt;</description>
    </item>
  </channel>
</rss>
