<?xml version="1.0" encoding="utf-8" standalone="yes"?>
<rss version="2.0" xmlns:atom="http://www.w3.org/2005/Atom">
  <channel>
    <title>Blogs on Saasify</title>
    <link>https://saasify-demo.chaoming.li/blog/</link>
    <description>Recent content in Blogs on Saasify</description>
    <generator>Hugo</generator>
    <language>en-us</language>
    <lastBuildDate>Mon, 24 Jul 2023 00:00:00 +0000</lastBuildDate>
    <atom:link href="https://saasify-demo.chaoming.li/blog/index.xml" rel="self" type="application/rss+xml" />
    <item>
      <title>Content Management in Hugo: Best Practices</title>
      <link>https://saasify-demo.chaoming.li/blog/content-management-hugo/</link>
      <pubDate>Mon, 24 Jul 2023 00:00:00 +0000</pubDate>
      <guid>https://saasify-demo.chaoming.li/blog/content-management-hugo/</guid>
      <description>&lt;div class=&#34;bg-gray-50 p-6 rounded-lg mb-8&#34;&gt;&#xD;&#xA;    &lt;h2 class=&#34;text-xl font-semibold mb-4&#34;&gt;Table of Contents&lt;/h2&gt;&#xD;&#xA;    &lt;nav id=&#34;TableOfContents&#34;&gt;&#xA;  &lt;ul&gt;&#xA;    &lt;li&gt;&lt;a href=&#34;#introduction&#34;&gt;Introduction&lt;/a&gt;&lt;/li&gt;&#xA;    &lt;li&gt;&lt;a href=&#34;#content-organization&#34;&gt;Content Organization&lt;/a&gt;&#xA;      &lt;ul&gt;&#xA;        &lt;li&gt;&lt;a href=&#34;#directory-structure&#34;&gt;Directory Structure&lt;/a&gt;&lt;/li&gt;&#xA;        &lt;li&gt;&lt;a href=&#34;#front-matter-templates&#34;&gt;Front Matter Templates&lt;/a&gt;&lt;/li&gt;&#xA;      &lt;/ul&gt;&#xA;    &lt;/li&gt;&#xA;    &lt;li&gt;&lt;a href=&#34;#content-types&#34;&gt;Content Types&lt;/a&gt;&#xA;      &lt;ul&gt;&#xA;        &lt;li&gt;&lt;a href=&#34;#page-bundles&#34;&gt;Page Bundles&lt;/a&gt;&lt;/li&gt;&#xA;        &lt;li&gt;&lt;a href=&#34;#taxonomies&#34;&gt;Taxonomies&lt;/a&gt;&lt;/li&gt;&#xA;      &lt;/ul&gt;&#xA;    &lt;/li&gt;&#xA;    &lt;li&gt;&lt;a href=&#34;#content-workflow&#34;&gt;Content Workflow&lt;/a&gt;&#xA;      &lt;ul&gt;&#xA;        &lt;li&gt;&lt;a href=&#34;#draft-management&#34;&gt;Draft Management&lt;/a&gt;&lt;/li&gt;&#xA;        &lt;li&gt;&lt;a href=&#34;#content-updates&#34;&gt;Content Updates&lt;/a&gt;&lt;/li&gt;&#xA;      &lt;/ul&gt;&#xA;    &lt;/li&gt;&#xA;    &lt;li&gt;&lt;a href=&#34;#dynamic-content&#34;&gt;Dynamic Content&lt;/a&gt;&#xA;      &lt;ul&gt;&#xA;        &lt;li&gt;&lt;a href=&#34;#related-content&#34;&gt;Related Content&lt;/a&gt;&lt;/li&gt;&#xA;        &lt;li&gt;&lt;a href=&#34;#content-reuse&#34;&gt;Content Reuse&lt;/a&gt;&lt;/li&gt;&#xA;      &lt;/ul&gt;&#xA;    &lt;/li&gt;&#xA;    &lt;li&gt;&lt;a href=&#34;#seo-and-metadata&#34;&gt;SEO and Metadata&lt;/a&gt;&lt;/li&gt;&#xA;    &lt;li&gt;&lt;a href=&#34;#content-backup&#34;&gt;Content Backup&lt;/a&gt;&#xA;      &lt;ul&gt;&#xA;        &lt;li&gt;&lt;a href=&#34;#backup-strategies&#34;&gt;Backup Strategies&lt;/a&gt;&lt;/li&gt;&#xA;      &lt;/ul&gt;&#xA;    &lt;/li&gt;&#xA;    &lt;li&gt;&lt;a href=&#34;#conclusion&#34;&gt;Conclusion&lt;/a&gt;&lt;/li&gt;&#xA;    &lt;li&gt;&lt;a href=&#34;#resources&#34;&gt;Resources&lt;/a&gt;&lt;/li&gt;&#xA;  &lt;/ul&gt;&#xA;&lt;/nav&gt;&#xD;&#xA;&lt;/div&gt;&#xD;&#xA;&#xA;&lt;h2 id=&#34;introduction&#34;&gt;Introduction&lt;/h2&gt;&#xA;&lt;p&gt;Effective content management is crucial for maintaining a scalable Hugo site. This guide covers best practices for organizing and managing your content.&lt;/p&gt;&#xA;&lt;h2 id=&#34;content-organization&#34;&gt;Content Organization&lt;/h2&gt;&#xA;&lt;h3 id=&#34;directory-structure&#34;&gt;Directory Structure&lt;/h3&gt;&#xA;&lt;p&gt;Create a logical content hierarchy:&lt;/p&gt;</description>
    </item>
    <item>
      <title>Optimizing Hugo Performance: Speed Up Your Site</title>
      <link>https://saasify-demo.chaoming.li/blog/optimizing-hugo-performance/</link>
      <pubDate>Sun, 23 Jul 2023 00:00:00 +0000</pubDate>
      <guid>https://saasify-demo.chaoming.li/blog/optimizing-hugo-performance/</guid>
      <description>&lt;div class=&#34;bg-gray-50 p-6 rounded-lg mb-8&#34;&gt;&#xD;&#xA;    &lt;h2 class=&#34;text-xl font-semibold mb-4&#34;&gt;Table of Contents&lt;/h2&gt;&#xD;&#xA;    &lt;nav id=&#34;TableOfContents&#34;&gt;&#xA;  &lt;ul&gt;&#xA;    &lt;li&gt;&lt;a href=&#34;#introduction&#34;&gt;Introduction&lt;/a&gt;&lt;/li&gt;&#xA;    &lt;li&gt;&lt;a href=&#34;#asset-optimization&#34;&gt;Asset Optimization&lt;/a&gt;&#xA;      &lt;ul&gt;&#xA;        &lt;li&gt;&lt;a href=&#34;#image-optimization&#34;&gt;Image Optimization&lt;/a&gt;&lt;/li&gt;&#xA;        &lt;li&gt;&lt;a href=&#34;#css-and-javascript&#34;&gt;CSS and JavaScript&lt;/a&gt;&lt;/li&gt;&#xA;      &lt;/ul&gt;&#xA;    &lt;/li&gt;&#xA;    &lt;li&gt;&lt;a href=&#34;#caching-strategies&#34;&gt;Caching Strategies&lt;/a&gt;&lt;/li&gt;&#xA;    &lt;li&gt;&lt;a href=&#34;#content-delivery&#34;&gt;Content Delivery&lt;/a&gt;&#xA;      &lt;ul&gt;&#xA;        &lt;li&gt;&lt;a href=&#34;#cdn-setup&#34;&gt;CDN Setup&lt;/a&gt;&lt;/li&gt;&#xA;        &lt;li&gt;&lt;a href=&#34;#edge-computing&#34;&gt;Edge Computing&lt;/a&gt;&lt;/li&gt;&#xA;      &lt;/ul&gt;&#xA;    &lt;/li&gt;&#xA;    &lt;li&gt;&lt;a href=&#34;#performance-monitoring&#34;&gt;Performance Monitoring&lt;/a&gt;&#xA;      &lt;ul&gt;&#xA;        &lt;li&gt;&lt;a href=&#34;#key-metrics&#34;&gt;Key Metrics&lt;/a&gt;&lt;/li&gt;&#xA;      &lt;/ul&gt;&#xA;    &lt;/li&gt;&#xA;    &lt;li&gt;&lt;a href=&#34;#advanced-optimization-techniques&#34;&gt;Advanced Optimization Techniques&lt;/a&gt;&#xA;      &lt;ul&gt;&#xA;        &lt;li&gt;&lt;a href=&#34;#resource-hints&#34;&gt;Resource Hints&lt;/a&gt;&lt;/li&gt;&#xA;        &lt;li&gt;&lt;a href=&#34;#critical-css&#34;&gt;Critical CSS&lt;/a&gt;&lt;/li&gt;&#xA;      &lt;/ul&gt;&#xA;    &lt;/li&gt;&#xA;    &lt;li&gt;&lt;a href=&#34;#seo-optimization&#34;&gt;SEO Optimization&lt;/a&gt;&lt;/li&gt;&#xA;    &lt;li&gt;&lt;a href=&#34;#conclusion&#34;&gt;Conclusion&lt;/a&gt;&lt;/li&gt;&#xA;    &lt;li&gt;&lt;a href=&#34;#resources&#34;&gt;Resources&lt;/a&gt;&lt;/li&gt;&#xA;  &lt;/ul&gt;&#xA;&lt;/nav&gt;&#xD;&#xA;&lt;/div&gt;&#xD;&#xA;&#xA;&lt;h2 id=&#34;introduction&#34;&gt;Introduction&lt;/h2&gt;&#xA;&lt;p&gt;Performance is crucial for user experience and SEO. In this guide, we&amp;rsquo;ll explore various techniques to optimize your Hugo site for maximum performance.&lt;/p&gt;&#xA;&lt;h2 id=&#34;asset-optimization&#34;&gt;Asset Optimization&lt;/h2&gt;&#xA;&lt;h3 id=&#34;image-optimization&#34;&gt;Image Optimization&lt;/h3&gt;&#xA;&lt;p&gt;Images often contribute the most to page weight. Here&amp;rsquo;s how to optimize them:&lt;/p&gt;</description>
    </item>
    <item>
      <title>Deploying Hugo Sites: A Complete Guide</title>
      <link>https://saasify-demo.chaoming.li/blog/deploying-hugo-sites/</link>
      <pubDate>Sat, 22 Jul 2023 00:00:00 +0000</pubDate>
      <guid>https://saasify-demo.chaoming.li/blog/deploying-hugo-sites/</guid>
      <description>&lt;div class=&#34;bg-gray-50 p-6 rounded-lg mb-8&#34;&gt;&#xD;&#xA;    &lt;h2 class=&#34;text-xl font-semibold mb-4&#34;&gt;Table of Contents&lt;/h2&gt;&#xD;&#xA;    &lt;nav id=&#34;TableOfContents&#34;&gt;&#xA;  &lt;ul&gt;&#xA;    &lt;li&gt;&lt;a href=&#34;#introduction&#34;&gt;Introduction&lt;/a&gt;&lt;/li&gt;&#xA;    &lt;li&gt;&lt;a href=&#34;#popular-deployment-platforms&#34;&gt;Popular Deployment Platforms&lt;/a&gt;&#xA;      &lt;ul&gt;&#xA;        &lt;li&gt;&lt;a href=&#34;#1-netlify&#34;&gt;1. Netlify&lt;/a&gt;&lt;/li&gt;&#xA;        &lt;li&gt;&lt;a href=&#34;#2-vercel&#34;&gt;2. Vercel&lt;/a&gt;&lt;/li&gt;&#xA;        &lt;li&gt;&lt;a href=&#34;#3-github-pages&#34;&gt;3. GitHub Pages&lt;/a&gt;&lt;/li&gt;&#xA;      &lt;/ul&gt;&#xA;    &lt;/li&gt;&#xA;    &lt;li&gt;&lt;a href=&#34;#deployment-best-practices&#34;&gt;Deployment Best Practices&lt;/a&gt;&lt;/li&gt;&#xA;    &lt;li&gt;&lt;a href=&#34;#performance-considerations&#34;&gt;Performance Considerations&lt;/a&gt;&lt;/li&gt;&#xA;    &lt;li&gt;&lt;a href=&#34;#security-measures&#34;&gt;Security Measures&lt;/a&gt;&lt;/li&gt;&#xA;    &lt;li&gt;&lt;a href=&#34;#conclusion&#34;&gt;Conclusion&lt;/a&gt;&lt;/li&gt;&#xA;    &lt;li&gt;&lt;a href=&#34;#resources&#34;&gt;Resources&lt;/a&gt;&lt;/li&gt;&#xA;  &lt;/ul&gt;&#xA;&lt;/nav&gt;&#xD;&#xA;&lt;/div&gt;&#xD;&#xA;&#xA;&lt;h2 id=&#34;introduction&#34;&gt;Introduction&lt;/h2&gt;&#xA;&lt;p&gt;Once you&amp;rsquo;ve built your Hugo site, the next step is deploying it to make it accessible to the world. This guide covers various deployment options and best practices.&lt;/p&gt;&#xA;&lt;h2 id=&#34;popular-deployment-platforms&#34;&gt;Popular Deployment Platforms&lt;/h2&gt;&#xA;&lt;h3 id=&#34;1-netlify&#34;&gt;1. Netlify&lt;/h3&gt;&#xA;&lt;p&gt;Netlify offers a seamless deployment experience:&lt;/p&gt;&#xA;&#xD;&#xA;&#xD;&#xA;&#xD;&#xA;&#xD;&#xA;&lt;div class=&#34;not-prose my-8 overflow-hidden rounded-lg bg-gray-900 shadow-lg&#34;&gt;&#xD;&#xA;    &#xD;&#xA;        &lt;div class=&#34;flex items-center justify-between px-4 py-2 bg-gray-800 border-b border-gray-700&#34;&gt;&#xD;&#xA;            &lt;div class=&#34;text-sm text-gray-200 font-mono&#34;&gt;terminal&lt;/div&gt;&#xD;&#xA;            &lt;div class=&#34;flex space-x-2&#34;&gt;&#xD;&#xA;                &lt;div class=&#34;w-3 h-3 rounded-full bg-red-500&#34;&gt;&lt;/div&gt;&#xD;&#xA;                &lt;div class=&#34;w-3 h-3 rounded-full bg-yellow-500&#34;&gt;&lt;/div&gt;&#xD;&#xA;                &lt;div class=&#34;w-3 h-3 rounded-full bg-green-500&#34;&gt;&lt;/div&gt;&#xD;&#xA;            &lt;/div&gt;&#xD;&#xA;        &lt;/div&gt;&#xD;&#xA;    &#xD;&#xA;    &lt;div class=&#34;p-4 overflow-x-auto&#34;&gt;&#xD;&#xA;        &lt;div class=&#34;highlight&#34;&gt;&lt;div class=&#34;chroma&#34;&gt;&#xA;&lt;table class=&#34;lntable&#34;&gt;&lt;tr&gt;&lt;td class=&#34;lntd&#34;&gt;&#xA;&lt;pre tabindex=&#34;0&#34; class=&#34;chroma&#34;&gt;&lt;code&gt;&lt;span class=&#34;lnt&#34;&gt;1&#xA;&lt;/span&gt;&lt;span class=&#34;lnt&#34;&gt;2&#xA;&lt;/span&gt;&lt;span class=&#34;lnt&#34;&gt;3&#xA;&lt;/span&gt;&lt;span class=&#34;lnt&#34;&gt;4&#xA;&lt;/span&gt;&lt;span class=&#34;lnt&#34;&gt;5&#xA;&lt;/span&gt;&lt;span class=&#34;lnt&#34;&gt;6&#xA;&lt;/span&gt;&lt;span class=&#34;lnt&#34;&gt;7&#xA;&lt;/span&gt;&lt;span class=&#34;lnt&#34;&gt;8&#xA;&lt;/span&gt;&lt;/code&gt;&lt;/pre&gt;&lt;/td&gt;&#xA;&lt;td class=&#34;lntd&#34;&gt;&#xA;&lt;pre tabindex=&#34;0&#34; class=&#34;chroma&#34;&gt;&lt;code class=&#34;language-bash&#34; data-lang=&#34;bash&#34;&gt;&lt;span class=&#34;line&#34;&gt;&lt;span class=&#34;cl&#34;&gt;&#xA;&lt;/span&gt;&lt;/span&gt;&lt;span class=&#34;line&#34;&gt;&lt;span class=&#34;cl&#34;&gt;&lt;span class=&#34;c1&#34;&gt;# Create netlify.toml&lt;/span&gt;&#xA;&lt;/span&gt;&lt;/span&gt;&lt;span class=&#34;line&#34;&gt;&lt;span class=&#34;cl&#34;&gt;&lt;span class=&#34;o&#34;&gt;[&lt;/span&gt;build&lt;span class=&#34;o&#34;&gt;]&lt;/span&gt;&#xA;&lt;/span&gt;&lt;/span&gt;&lt;span class=&#34;line&#34;&gt;&lt;span class=&#34;cl&#34;&gt;  &lt;span class=&#34;nv&#34;&gt;publish&lt;/span&gt; &lt;span class=&#34;o&#34;&gt;=&lt;/span&gt; &lt;span class=&#34;s2&#34;&gt;&amp;#34;public&amp;#34;&lt;/span&gt;&#xA;&lt;/span&gt;&lt;/span&gt;&lt;span class=&#34;line&#34;&gt;&lt;span class=&#34;cl&#34;&gt;  &lt;span class=&#34;nb&#34;&gt;command&lt;/span&gt; &lt;span class=&#34;o&#34;&gt;=&lt;/span&gt; &lt;span class=&#34;s2&#34;&gt;&amp;#34;hugo --gc --minify&amp;#34;&lt;/span&gt;&#xA;&lt;/span&gt;&lt;/span&gt;&lt;span class=&#34;line&#34;&gt;&lt;span class=&#34;cl&#34;&gt;&#xA;&lt;/span&gt;&lt;/span&gt;&lt;span class=&#34;line&#34;&gt;&lt;span class=&#34;cl&#34;&gt;&lt;span class=&#34;o&#34;&gt;[&lt;/span&gt;build.environment&lt;span class=&#34;o&#34;&gt;]&lt;/span&gt;&#xA;&lt;/span&gt;&lt;/span&gt;&lt;span class=&#34;line&#34;&gt;&lt;span class=&#34;cl&#34;&gt;  &lt;span class=&#34;nv&#34;&gt;HUGO_VERSION&lt;/span&gt; &lt;span class=&#34;o&#34;&gt;=&lt;/span&gt; &lt;span class=&#34;s2&#34;&gt;&amp;#34;0.95.0&amp;#34;&lt;/span&gt;&#xA;&lt;/span&gt;&lt;/span&gt;&lt;/code&gt;&lt;/pre&gt;&lt;/td&gt;&lt;/tr&gt;&lt;/table&gt;&#xA;&lt;/div&gt;&#xA;&lt;/div&gt;&#xD;&#xA;    &lt;/div&gt;&#xD;&#xA;&lt;/div&gt;&#xD;&#xA;&#xA;&lt;h3 id=&#34;2-vercel&#34;&gt;2. Vercel&lt;/h3&gt;&#xA;&lt;p&gt;Vercel provides excellent performance and analytics.&lt;/p&gt;</description>
    </item>
    <item>
      <title>Customizing Your Hugo Theme: A Deep Dive</title>
      <link>https://saasify-demo.chaoming.li/blog/customizing-your-hugo-theme/</link>
      <pubDate>Fri, 21 Jul 2023 00:00:00 +0000</pubDate>
      <guid>https://saasify-demo.chaoming.li/blog/customizing-your-hugo-theme/</guid>
      <description>&lt;div class=&#34;bg-gray-50 p-6 rounded-lg mb-8&#34;&gt;&#xD;&#xA;    &lt;h2 class=&#34;text-xl font-semibold mb-4&#34;&gt;Table of Contents&lt;/h2&gt;&#xD;&#xA;    &lt;nav id=&#34;TableOfContents&#34;&gt;&#xA;  &lt;ul&gt;&#xA;    &lt;li&gt;&lt;a href=&#34;#introduction&#34;&gt;Introduction&lt;/a&gt;&lt;/li&gt;&#xA;    &lt;li&gt;&lt;a href=&#34;#understanding-hugos-theme-structure&#34;&gt;Understanding Hugo&amp;rsquo;s Theme Structure&lt;/a&gt;&lt;/li&gt;&#xA;    &lt;li&gt;&lt;a href=&#34;#basic-theme-customization&#34;&gt;Basic Theme Customization&lt;/a&gt;&#xA;      &lt;ul&gt;&#xA;        &lt;li&gt;&lt;a href=&#34;#1-colors-and-typography&#34;&gt;1. Colors and Typography&lt;/a&gt;&lt;/li&gt;&#xA;        &lt;li&gt;&lt;a href=&#34;#2-layout-modifications&#34;&gt;2. Layout Modifications&lt;/a&gt;&lt;/li&gt;&#xA;      &lt;/ul&gt;&#xA;    &lt;/li&gt;&#xA;    &lt;li&gt;&lt;a href=&#34;#advanced-customization-techniques&#34;&gt;Advanced Customization Techniques&lt;/a&gt;&#xA;      &lt;ul&gt;&#xA;        &lt;li&gt;&lt;a href=&#34;#creating-custom-shortcodes&#34;&gt;Creating Custom Shortcodes&lt;/a&gt;&lt;/li&gt;&#xA;        &lt;li&gt;&lt;a href=&#34;#working-with-partials&#34;&gt;Working with Partials&lt;/a&gt;&lt;/li&gt;&#xA;      &lt;/ul&gt;&#xA;    &lt;/li&gt;&#xA;    &lt;li&gt;&lt;a href=&#34;#best-practices&#34;&gt;Best Practices&lt;/a&gt;&lt;/li&gt;&#xA;    &lt;li&gt;&lt;a href=&#34;#common-customization-examples&#34;&gt;Common Customization Examples&lt;/a&gt;&#xA;      &lt;ul&gt;&#xA;        &lt;li&gt;&lt;a href=&#34;#custom-homepage-layout&#34;&gt;Custom Homepage Layout&lt;/a&gt;&lt;/li&gt;&#xA;        &lt;li&gt;&lt;a href=&#34;#custom-taxonomy-pages&#34;&gt;Custom Taxonomy Pages&lt;/a&gt;&lt;/li&gt;&#xA;      &lt;/ul&gt;&#xA;    &lt;/li&gt;&#xA;    &lt;li&gt;&lt;a href=&#34;#conclusion&#34;&gt;Conclusion&lt;/a&gt;&lt;/li&gt;&#xA;    &lt;li&gt;&lt;a href=&#34;#further-resources&#34;&gt;Further Resources&lt;/a&gt;&lt;/li&gt;&#xA;  &lt;/ul&gt;&#xA;&lt;/nav&gt;&#xD;&#xA;&lt;/div&gt;&#xD;&#xA;&#xA;&lt;h2 id=&#34;introduction&#34;&gt;Introduction&lt;/h2&gt;&#xA;&lt;p&gt;While Hugo comes with many beautiful themes, you&amp;rsquo;ll often want to customize them to match your specific needs. This guide will walk you through the process of customizing your Hugo theme effectively.&lt;/p&gt;</description>
    </item>
    <item>
      <title>Getting Started with Hugo: A Beginner&#39;s Guide</title>
      <link>https://saasify-demo.chaoming.li/blog/getting-started-with-hugo/</link>
      <pubDate>Thu, 20 Jul 2023 00:00:00 +0000</pubDate>
      <guid>https://saasify-demo.chaoming.li/blog/getting-started-with-hugo/</guid>
      <description>&lt;div class=&#34;bg-gray-50 p-6 rounded-lg mb-8&#34;&gt;&#xD;&#xA;    &lt;h2 class=&#34;text-xl font-semibold mb-4&#34;&gt;Table of Contents&lt;/h2&gt;&#xD;&#xA;    &lt;nav id=&#34;TableOfContents&#34;&gt;&#xA;  &lt;ul&gt;&#xA;    &lt;li&gt;&lt;a href=&#34;#introduction&#34;&gt;Introduction&lt;/a&gt;&lt;/li&gt;&#xA;    &lt;li&gt;&lt;a href=&#34;#why-choose-hugo&#34;&gt;Why Choose Hugo?&lt;/a&gt;&lt;/li&gt;&#xA;    &lt;li&gt;&lt;a href=&#34;#setting-up-your-first-hugo-site&#34;&gt;Setting Up Your First Hugo Site&lt;/a&gt;&lt;/li&gt;&#xA;    &lt;li&gt;&lt;a href=&#34;#working-with-content&#34;&gt;Working with Content&lt;/a&gt;&lt;/li&gt;&#xA;    &lt;li&gt;&lt;a href=&#34;#advanced-features&#34;&gt;Advanced Features&lt;/a&gt;&lt;/li&gt;&#xA;    &lt;li&gt;&lt;a href=&#34;#code-examples&#34;&gt;Code Examples&lt;/a&gt;&lt;/li&gt;&#xA;    &lt;li&gt;&lt;a href=&#34;#conclusion&#34;&gt;Conclusion&lt;/a&gt;&lt;/li&gt;&#xA;    &lt;li&gt;&lt;a href=&#34;#next-steps&#34;&gt;Next Steps&lt;/a&gt;&lt;/li&gt;&#xA;  &lt;/ul&gt;&#xA;&lt;/nav&gt;&#xD;&#xA;&lt;/div&gt;&#xD;&#xA;&#xA;&lt;h2 id=&#34;introduction&#34;&gt;Introduction&lt;/h2&gt;&#xA;&lt;p&gt;Hugo is one of the most popular open-source static site generators. With its amazing speed and flexibility, Hugo makes building websites fun again.&lt;/p&gt;&#xA;&lt;h2 id=&#34;why-choose-hugo&#34;&gt;Why Choose Hugo?&lt;/h2&gt;&#xA;&lt;p&gt;Here are some compelling reasons to choose Hugo for your next project:&lt;/p&gt;&#xA;&lt;ol&gt;&#xA;&lt;li&gt;Lightning Fast&lt;/li&gt;&#xA;&lt;li&gt;Easy to Learn&lt;/li&gt;&#xA;&lt;li&gt;Highly Flexible&lt;/li&gt;&#xA;&lt;li&gt;Great Community&lt;/li&gt;&#xA;&lt;/ol&gt;&#xA;&lt;h2 id=&#34;setting-up-your-first-hugo-site&#34;&gt;Setting Up Your First Hugo Site&lt;/h2&gt;&#xA;&lt;p&gt;Let&amp;rsquo;s walk through creating your first Hugo site:&lt;/p&gt;</description>
    </item>
  </channel>
</rss>
