<?xml version="1.0" encoding="utf-8" standalone="yes"?>
<rss version="2.0" xmlns:atom="http://www.w3.org/2005/Atom">
  <channel>
    <title>Beginners on Saasify</title>
    <link>https://saasify-demo.chaoming.li/tags/beginners/</link>
    <description>Recent content in Beginners on Saasify</description>
    <generator>Hugo</generator>
    <language>en-us</language>
    <lastBuildDate>Thu, 20 Jul 2023 00:00:00 +0000</lastBuildDate>
    <atom:link href="https://saasify-demo.chaoming.li/tags/beginners/index.xml" rel="self" type="application/rss+xml" />
    <item>
      <title>Getting Started with Hugo: A Beginner&#39;s Guide</title>
      <link>https://saasify-demo.chaoming.li/blog/getting-started-with-hugo/</link>
      <pubDate>Thu, 20 Jul 2023 00:00:00 +0000</pubDate>
      <guid>https://saasify-demo.chaoming.li/blog/getting-started-with-hugo/</guid>
      <description>&lt;div class=&#34;bg-gray-50 p-6 rounded-lg mb-8&#34;&gt;&#xD;&#xA;    &lt;h2 class=&#34;text-xl font-semibold mb-4&#34;&gt;Table of Contents&lt;/h2&gt;&#xD;&#xA;    &lt;nav id=&#34;TableOfContents&#34;&gt;&#xA;  &lt;ul&gt;&#xA;    &lt;li&gt;&lt;a href=&#34;#introduction&#34;&gt;Introduction&lt;/a&gt;&lt;/li&gt;&#xA;    &lt;li&gt;&lt;a href=&#34;#why-choose-hugo&#34;&gt;Why Choose Hugo?&lt;/a&gt;&lt;/li&gt;&#xA;    &lt;li&gt;&lt;a href=&#34;#setting-up-your-first-hugo-site&#34;&gt;Setting Up Your First Hugo Site&lt;/a&gt;&lt;/li&gt;&#xA;    &lt;li&gt;&lt;a href=&#34;#working-with-content&#34;&gt;Working with Content&lt;/a&gt;&lt;/li&gt;&#xA;    &lt;li&gt;&lt;a href=&#34;#advanced-features&#34;&gt;Advanced Features&lt;/a&gt;&lt;/li&gt;&#xA;    &lt;li&gt;&lt;a href=&#34;#code-examples&#34;&gt;Code Examples&lt;/a&gt;&lt;/li&gt;&#xA;    &lt;li&gt;&lt;a href=&#34;#conclusion&#34;&gt;Conclusion&lt;/a&gt;&lt;/li&gt;&#xA;    &lt;li&gt;&lt;a href=&#34;#next-steps&#34;&gt;Next Steps&lt;/a&gt;&lt;/li&gt;&#xA;  &lt;/ul&gt;&#xA;&lt;/nav&gt;&#xD;&#xA;&lt;/div&gt;&#xD;&#xA;&#xA;&lt;h2 id=&#34;introduction&#34;&gt;Introduction&lt;/h2&gt;&#xA;&lt;p&gt;Hugo is one of the most popular open-source static site generators. With its amazing speed and flexibility, Hugo makes building websites fun again.&lt;/p&gt;&#xA;&lt;h2 id=&#34;why-choose-hugo&#34;&gt;Why Choose Hugo?&lt;/h2&gt;&#xA;&lt;p&gt;Here are some compelling reasons to choose Hugo for your next project:&lt;/p&gt;&#xA;&lt;ol&gt;&#xA;&lt;li&gt;Lightning Fast&lt;/li&gt;&#xA;&lt;li&gt;Easy to Learn&lt;/li&gt;&#xA;&lt;li&gt;Highly Flexible&lt;/li&gt;&#xA;&lt;li&gt;Great Community&lt;/li&gt;&#xA;&lt;/ol&gt;&#xA;&lt;h2 id=&#34;setting-up-your-first-hugo-site&#34;&gt;Setting Up Your First Hugo Site&lt;/h2&gt;&#xA;&lt;p&gt;Let&amp;rsquo;s walk through creating your first Hugo site:&lt;/p&gt;</description>
    </item>
  </channel>
</rss>
