<?xml version="1.0" encoding="utf-8" standalone="yes"?>
<rss version="2.0" xmlns:atom="http://www.w3.org/2005/Atom">
  <channel>
    <title>РҐСЂР°Рј Р•РІР°РЅРіРµР»РёРѕРЅР°|Church of Evangelion on Saasify</title>
    <link>//localhost:1313/ru/evangelion/</link>
    <description>Recent content in РҐСЂР°Рј Р•РІР°РЅРіРµР»РёРѕРЅР°|Church of Evangelion on Saasify</description>
    <generator>Hugo</generator>
    <language>ru-RU</language>
    <atom:link href="//localhost:1313/ru/evangelion/index.xml" rel="self" type="application/rss+xml" />
  </channel>
</rss>
