<?xml version="1.0" encoding="utf-8" standalone="yes"?>
<rss version="2.0" xmlns:atom="http://www.w3.org/2005/Atom">
  <channel>
    <title>Themes on Saasify</title>
    <link>https://saasify-demo.chaoming.li/tags/themes/</link>
    <description>Recent content in Themes on Saasify</description>
    <generator>Hugo</generator>
    <language>en-us</language>
    <lastBuildDate>Fri, 21 Jul 2023 00:00:00 +0000</lastBuildDate>
    <atom:link href="https://saasify-demo.chaoming.li/tags/themes/index.xml" rel="self" type="application/rss+xml" />
    <item>
      <title>Customizing Your Hugo Theme: A Deep Dive</title>
      <link>https://saasify-demo.chaoming.li/blog/customizing-your-hugo-theme/</link>
      <pubDate>Fri, 21 Jul 2023 00:00:00 +0000</pubDate>
      <guid>https://saasify-demo.chaoming.li/blog/customizing-your-hugo-theme/</guid>
      <description>&lt;div class=&#34;bg-gray-50 p-6 rounded-lg mb-8&#34;&gt;&#xD;&#xA;    &lt;h2 class=&#34;text-xl font-semibold mb-4&#34;&gt;Table of Contents&lt;/h2&gt;&#xD;&#xA;    &lt;nav id=&#34;TableOfContents&#34;&gt;&#xA;  &lt;ul&gt;&#xA;    &lt;li&gt;&lt;a href=&#34;#introduction&#34;&gt;Introduction&lt;/a&gt;&lt;/li&gt;&#xA;    &lt;li&gt;&lt;a href=&#34;#understanding-hugos-theme-structure&#34;&gt;Understanding Hugo&amp;rsquo;s Theme Structure&lt;/a&gt;&lt;/li&gt;&#xA;    &lt;li&gt;&lt;a href=&#34;#basic-theme-customization&#34;&gt;Basic Theme Customization&lt;/a&gt;&#xA;      &lt;ul&gt;&#xA;        &lt;li&gt;&lt;a href=&#34;#1-colors-and-typography&#34;&gt;1. Colors and Typography&lt;/a&gt;&lt;/li&gt;&#xA;        &lt;li&gt;&lt;a href=&#34;#2-layout-modifications&#34;&gt;2. Layout Modifications&lt;/a&gt;&lt;/li&gt;&#xA;      &lt;/ul&gt;&#xA;    &lt;/li&gt;&#xA;    &lt;li&gt;&lt;a href=&#34;#advanced-customization-techniques&#34;&gt;Advanced Customization Techniques&lt;/a&gt;&#xA;      &lt;ul&gt;&#xA;        &lt;li&gt;&lt;a href=&#34;#creating-custom-shortcodes&#34;&gt;Creating Custom Shortcodes&lt;/a&gt;&lt;/li&gt;&#xA;        &lt;li&gt;&lt;a href=&#34;#working-with-partials&#34;&gt;Working with Partials&lt;/a&gt;&lt;/li&gt;&#xA;      &lt;/ul&gt;&#xA;    &lt;/li&gt;&#xA;    &lt;li&gt;&lt;a href=&#34;#best-practices&#34;&gt;Best Practices&lt;/a&gt;&lt;/li&gt;&#xA;    &lt;li&gt;&lt;a href=&#34;#common-customization-examples&#34;&gt;Common Customization Examples&lt;/a&gt;&#xA;      &lt;ul&gt;&#xA;        &lt;li&gt;&lt;a href=&#34;#custom-homepage-layout&#34;&gt;Custom Homepage Layout&lt;/a&gt;&lt;/li&gt;&#xA;        &lt;li&gt;&lt;a href=&#34;#custom-taxonomy-pages&#34;&gt;Custom Taxonomy Pages&lt;/a&gt;&lt;/li&gt;&#xA;      &lt;/ul&gt;&#xA;    &lt;/li&gt;&#xA;    &lt;li&gt;&lt;a href=&#34;#conclusion&#34;&gt;Conclusion&lt;/a&gt;&lt;/li&gt;&#xA;    &lt;li&gt;&lt;a href=&#34;#further-resources&#34;&gt;Further Resources&lt;/a&gt;&lt;/li&gt;&#xA;  &lt;/ul&gt;&#xA;&lt;/nav&gt;&#xD;&#xA;&lt;/div&gt;&#xD;&#xA;&#xA;&lt;h2 id=&#34;introduction&#34;&gt;Introduction&lt;/h2&gt;&#xA;&lt;p&gt;While Hugo comes with many beautiful themes, you&amp;rsquo;ll often want to customize them to match your specific needs. This guide will walk you through the process of customizing your Hugo theme effectively.&lt;/p&gt;</description>
    </item>
  </channel>
</rss>
