<?xml version="1.0" encoding="utf-8" standalone="yes"?>
<rss version="2.0" xmlns:atom="http://www.w3.org/2005/Atom">
  <channel>
    <title>Events on Saasify</title>
    <link>//localhost:1313/en/events/</link>
    <description>Recent content in Events on Saasify</description>
    <generator>Hugo</generator>
    <language>en-US</language>
    <atom:link href="//localhost:1313/en/events/index.xml" rel="self" type="application/rss+xml" />
    <item>
      <title>РџР°СЃС…Р° 2025</title>
      <link>//localhost:1313/en/events/easter_2025/</link>
      <pubDate>Mon, 01 Jan 0001 00:00:00 +0000</pubDate>
      <guid>//localhost:1313/en/events/easter_2025/</guid>
      <description>Р’РµСЃРµРЅРЅРёР№ РёРІРµРЅС‚!</description>
    </item>
  </channel>
</rss>
